587,597,40156,40156,466,TASK_INTERVIEW,2019-07-28 08:06:00.450697+0000,2019-07-28 12:16:15.996416+0000
588,599,40207,40207,514,TASK_INTERVIEW,2019-07-28 08:06:00.886434+0000,2019-07-28 12:17:53.936228+0000
590,603,40322,40322,619,TASK_INTERVIEW,2019-07-28 08:06:03.078789+0000,2019-07-28 12:16:17.273922+0000
591,605,40324,40324,621,TASK_INTERVIEW,2019-07-28 08:06:03.869017+0000,2019-07-28 12:16:17.034984+0000
592,607,40375,40375,669,TASK_INTERVIEW,2019-07-28 08:06:04.335285+0000,2019-07-28 12:17:26.745927+0000
593,609,40417,40417,709,TASK_INTERVIEW,2019-07-28 08:06:05.042343+0000,2019-07-28 12:14:34.980858+0000
594,611,62353,62353,8802,TASK_INTERVIEW,2019-07-28 08:06:05.760901+0000,2019-07-28 12:21:27.344027+0000
595,613,62409,62409,8913,TASK_INTERVIEW,2019-07-28 08:06:06.262657+0000,2019-07-28 12:15:41.856496+0000
596,615,62549,62549,9174,TASK_INTERVIEW,2019-07-28 08:06:06.703018+0000,2019-07-28 12:15:25.900573+0000
598,623,40047,40047,371,TASK_INTERVIEW,2019-07-28 08:06:09.483106+0000,2019-07-28 12:16:29.563946+0000
599,629,40199,40199,506,TASK_INTERVIEW,2019-07-28 08:06:11.819670+0000,2019-07-28 12:17:05.182801+0000
600,635,40200,40200,507,TASK_INTERVIEW,2019-07-28 08:06:13.884939+0000,2019-07-28 12:17:05.620180+0000
601,641,46478,46478,1500,TASK_INTERVIEW,2019-07-28 08:06:16.004907+0000,2019-07-28 12:16:45.032369+0000
602,642,62649,62649,9333,TASK_INTERVIEW,2019-07-28 08:06:16.492144+0000,2019-07-28 12:17:03.787282+0000
605,648,62310,62310,8756,TASK_INTERVIEW,2019-07-28 08:06:18.521589+0000,2019-07-28 12:14:45.655556+0000
607,651,62554,62554,9193,TASK_INTERVIEW,2019-07-28 08:06:19.452260+0000,2019-07-28 12:15:19.855416+0000
610,655,40115,40115,426,TASK_INTERVIEW,2019-07-28 08:06:21.145222+0000,2019-07-28 12:17:28.226615+0000
611,656,40369,40369,663,TASK_INTERVIEW,2019-07-28 08:06:21.311383+0000,2019-07-28 12:17:11.292598+0000
612,657,40370,40370,664,TASK_INTERVIEW,2019-07-28 08:06:21.743501+0000,2019-07-28 12:17:11.610031+0000
613,658,40096,40096,408,TASK_INTERVIEW,2019-07-28 08:06:22.310864+0000,2019-07-28 12:28:56.336520+0000
617,666,40131,40131,442,TASK_INTERVIEW,2019-07-28 08:06:25.272969+0000,2019-07-28 12:11:07.124655+0000
618,668,40154,40154,464,TASK_INTERVIEW,2019-07-28 08:06:26.269372+0000,2019-07-28 12:11:10.791955+0000
619,670,40349,40349,643,TASK_INTERVIEW,2019-07-28 08:06:26.774427+0000,2019-07-28 12:16:02.560057+0000
620,672,40371,40371,665,TASK_INTERVIEW,2019-07-28 08:06:27.795180+0000,2019-07-28 12:16:37.441954+0000
621,674,40378,40378,672,TASK_INTERVIEW,2019-07-28 08:06:28.634314+0000,2019-07-28 12:11:03.993990+0000
622,676,40382,40382,676,TASK_INTERVIEW,2019-07-28 08:06:29.774076+0000,2019-07-28 12:11:08.885309+0000
623,678,62311,62311,8759,TASK_INTERVIEW,2019-07-28 08:06:30.333362+0000,2019-07-28 12:11:05.897802+0000
624,680,62349,62349,8790,TASK_INTERVIEW,2019-07-28 08:06:31.180120+0000,2019-07-28 12:11:10.343784+0000
625,682,62352,62352,8799,TASK_INTERVIEW,2019-07-28 08:06:31.934740+0000,2019-07-28 12:11:07.900334+0000
626,684,62356,62356,8811,TASK_INTERVIEW,2019-07-28 08:06:32.741502+0000,2019-07-28 12:11:06.691597+0000
627,686,62395,62395,8891,TASK_INTERVIEW,2019-07-28 08:06:33.440791+0000,2019-07-28 12:11:04.584751+0000
628,688,62412,62412,8922,TASK_INTERVIEW,2019-07-28 08:06:34.038105+0000,2019-07-28 12:11:07.548862+0000
629,692,62659,62659,9363,TASK_INTERVIEW,2019-07-28 08:06:35.335081+0000,2019-07-28 12:11:09.708919+0000
630,694,62748,62748,9630,TASK_INTERVIEW,2019-07-28 08:06:35.919506+0000,2019-07-28 12:11:09.242999+0000
631,696,99975,99975,782,TASK_INTERVIEW,2019-07-28 08:06:36.693151+0000,2019-07-28 12:15:54.764614+0000
632,698,40024,40024,348,TASK_INTERVIEW,2019-07-28 08:06:37.641797+0000,2019-07-28 12:11:17.886355+0000
633,700,40213,40213,520,TASK_INTERVIEW,2019-07-28 08:06:38.725421+0000,2019-07-28 12:11:17.571191+0000
634,702,2102381,2102381,800,TASK_INTERVIEW,2019-07-28 08:06:39.728421+0000,2019-07-28 12:17:12.945539+0000
635,706,40128,40128,439,TASK_INTERVIEW,2019-07-28 08:06:40.676561+0000,2019-07-28 12:11:04.947939+0000
636,708,40129,40129,440,TASK_INTERVIEW,2019-07-28 08:06:41.723253+0000,2019-07-28 12:11:05.463379+0000
637,710,40130,40130,441,TASK_INTERVIEW,2019-07-28 08:06:42.751199+0000,2019-07-28 12:11:06.346382+0000
638,714,40272,40272,575,TASK_INTERVIEW,2019-07-28 08:06:44.517909+0000,2019-07-28 12:16:44.173283+0000
639,720,46477,46477,1499,TASK_INTERVIEW,2019-07-28 08:06:46.729981+0000,2019-07-28 12:16:44.693544+0000
640,724,62269,62269,8713,TASK_INTERVIEW,2019-07-28 08:06:47.953822+0000,2019-07-28 12:16:38.138427+0000
641,736,62411,62411,8919,TASK_INTERVIEW,2019-07-28 08:06:52.050787+0000,2019-07-28 12:16:37.064842+0000
642,740,62413,62413,8925,TASK_INTERVIEW,2019-07-28 08:06:53.304406+0000,2019-07-28 12:17:31.674429+0000
643,742,62553,62553,9190,TASK_INTERVIEW,2019-07-28 08:06:53.894908+0000,2019-07-28 12:16:38.493608+0000
644,746,62559,62559,9208,TASK_INTERVIEW,2019-07-28 08:06:55.135277+0000,2019-07-28 12:17:25.265960+0000
645,752,62660,62660,9366,TASK_INTERVIEW,2019-07-28 08:06:56.851121+0000,2019-07-28 12:14:46.335442+0000
646,756,46323,46323,1007,TASK_INTERVIEW,2019-07-28 08:06:58.095193+0000,2019-07-28 12:14:27.519383+0000
647,770,100008,100008,785,TASK_INTERVIEW,2019-07-28 08:07:03.226170+0000,2019-07-28 12:18:05.859939+0000
648,774,40029,40029,353,TASK_INTERVIEW,2019-07-28 08:07:06.391582+0000,2019-07-28 12:28:14.169952+0000
649,778,40062,40062,385,TASK_INTERVIEW,2019-07-28 08:07:08.093136+0000,2019-07-28 12:11:08.305162+0000
650,782,40215,40215,522,TASK_INTERVIEW,2019-07-28 08:07:10.118658+0000,2019-07-28 12:18:08.684939+0000
651,786,40222,40222,529,TASK_INTERVIEW,2019-07-28 08:07:11.516672+0000,2019-07-28 12:28:13.121295+0000
652,790,40223,40223,530,TASK_INTERVIEW,2019-07-28 08:07:13.012736+0000,2019-07-28 12:28:13.599115+0000
653,794,40224,40224,531,TASK_INTERVIEW,2019-07-28 08:07:14.666356+0000,2019-07-28 12:28:12.597210+0000
654,806,39778,39778,310,TASK_INTERVIEW,2019-07-28 08:07:17.855028+0000,2019-07-28 12:15:31.117306+0000
655,810,40025,40025,349,TASK_INTERVIEW,2019-07-28 08:07:19.337655+0000,2019-07-28 12:15:32.005023+0000
656,814,40089,40089,401,TASK_INTERVIEW,2019-07-28 08:07:20.595775+0000,2019-07-28 12:16:12.667659+0000
657,818,40208,40208,515,TASK_INTERVIEW,2019-07-28 08:07:21.952379+0000,2019-07-28 12:15:30.335306+0000
658,822,40209,40209,516,TASK_INTERVIEW,2019-07-28 08:07:23.167290+0000,2019-07-28 12:15:32.346950+0000
659,826,40210,40210,517,TASK_INTERVIEW,2019-07-28 08:07:24.437270+0000,2019-07-28 12:15:29.963799+0000
660,830,40211,40211,518,TASK_INTERVIEW,2019-07-28 08:07:25.933877+0000,2019-07-28 12:15:30.795794+0000
661,834,40212,40212,519,TASK_INTERVIEW,2019-07-28 08:07:26.960348+0000,2019-07-28 12:15:31.525411+0000
662,838,40274,40274,577,TASK_INTERVIEW,2019-07-28 08:07:28.303288+0000,2019-07-28 12:17:57.431345+0000
663,842,40430,40430,721,TASK_INTERVIEW,2019-07-28 08:07:29.662524+0000,2019-07-28 12:15:26.144129+0000
664,850,62653,62653,9345,TASK_INTERVIEW,2019-07-28 08:07:32.135625+0000,2019-07-28 12:15:47.839694+0000
666,856,40019,40019,343,TASK_INTERVIEW,2019-07-28 08:07:33.795228+0000,2019-07-28 12:15:23.524691+0000
667,858,40032,40032,356,TASK_INTERVIEW,2019-07-28 08:07:34.322035+0000,2019-07-28 12:15:43.402670+0000
668,860,40229,40229,536,TASK_INTERVIEW,2019-07-28 08:07:35.388179+0000,2019-07-28 12:15:43.010130+0000
669,862,40880,40880,1439,TASK_INTERVIEW,2019-07-28 08:07:36.398430+0000,2019-07-28 12:16:42.203436+0000
670,864,62168,62168,8570,TASK_INTERVIEW,2019-07-28 08:07:37.085646+0000,2019-07-28 12:27:57.919399+0000
672,868,40449,40449,740,TASK_INTERVIEW,2019-07-28 08:07:38.476396+0000,2019-07-28 12:16:11.141519+0000
673,870,46240,46240,772,TASK_INTERVIEW,2019-07-28 08:07:39.302983+0000,2019-07-28 12:16:10.766794+0000
674,872,46421,46421,1406,TASK_INTERVIEW,2019-07-28 08:07:40.008835+0000,2019-07-28 12:16:06.914092+0000
675,876,40189,40189,497,TASK_INTERVIEW,2019-07-28 08:07:41.481905+0000,2019-07-28 12:15:25.570966+0000
676,878,40206,40206,513,TASK_INTERVIEW,2019-07-28 08:07:42.181143+0000,2019-07-28 12:17:57.030706+0000
677,880,40214,40214,521,TASK_INTERVIEW,2019-07-28 08:07:43.126834+0000,2019-07-28 12:15:37.545846+0000
679,957,40105,40105,416,TASK_INTERVIEW,2019-07-28 08:08:06.469673+0000,2019-07-28 12:15:48.197574+0000
680,1010,60280,60280,5589,TASK_INTERVIEW,2019-07-28 08:08:15.611804+0000,2019-07-29 08:24:04.129553+0000
681,995,40004,40004,328,TASK_INTERVIEW,2019-07-28 08:08:16.293783+0000,2019-07-28 12:14:37.006399+0000
682,998,40178,40178,487,TASK_INTERVIEW,2019-07-28 08:08:17.145996+0000,2019-07-28 12:14:36.074887+0000
683,1001,40179,40179,488,TASK_INTERVIEW,2019-07-28 08:08:18.534744+0000,2019-07-28 12:14:36.527901+0000
685,1013,62355,62355,8808,TASK_INTERVIEW,2019-07-28 08:08:22.500122+0000,2019-07-28 12:14:31.118966+0000
686,1016,62552,62552,9183,TASK_INTERVIEW,2019-07-28 08:08:23.629169+0000,2019-07-28 12:17:22.367549+0000
691,1037,62655,62655,9351,TASK_INTERVIEW,2019-07-28 08:08:30.943843+0000,2019-07-28 12:28:28.556314+0000
692,1040,2102382,2102382,801,TASK_INTERVIEW,2019-07-28 08:08:31.873364+0000,2019-07-28 12:14:46.912388+0000
695,1049,40013,40013,337,TASK_INTERVIEW,2019-07-28 08:08:34.956837+0000,2019-07-28 12:16:13.538808+0000
697,1055,40030,40030,354,TASK_INTERVIEW,2019-07-28 08:08:37.447861+0000,2019-07-28 12:15:39.398096+0000
698,1058,40100,40100,411,TASK_INTERVIEW,2019-07-28 08:08:38.949337+0000,2019-07-28 12:14:34.046026+0000
699,1061,40119,40119,430,TASK_INTERVIEW,2019-07-28 08:08:40.057148+0000,2019-07-28 12:16:35.759095+0000
701,1067,40243,40243,550,TASK_INTERVIEW,2019-07-28 08:08:41.971008+0000,2019-07-28 12:14:40.119209+0000
702,1070,62288,62288,8730,TASK_INTERVIEW,2019-07-28 08:08:42.914601+0000,2019-07-28 12:17:24.812440+0000
703,1073,62312,62312,8762,TASK_INTERVIEW,2019-07-28 08:08:44.010547+0000,2019-07-28 12:15:48.971863+0000
704,1076,62328,62328,8770,TASK_INTERVIEW,2019-07-28 08:08:45.040756+0000,2019-07-28 12:14:25.129835+0000
705,1079,62558,62558,9205,TASK_INTERVIEW,2019-07-28 08:08:46.133589+0000,2019-07-28 12:15:34.650990+0000
706,1082,62652,62652,9342,TASK_INTERVIEW,2019-07-28 08:08:47.100880+0000,2019-07-28 12:17:41.869917+0000
707,1085,62654,62654,9348,TASK_INTERVIEW,2019-07-28 08:08:48.056253+0000,2019-07-28 12:17:33.986848+0000
708,1088,99993,99993,783,TASK_INTERVIEW,2019-07-28 08:08:48.943380+0000,2019-07-28 12:16:00.416998+0000
710,1093,39777,39777,309,TASK_INTERVIEW,2019-07-28 08:08:51.336171+0000,2019-07-28 12:18:11.097144+0000
712,1099,40226,40226,533,TASK_INTERVIEW,2019-07-28 08:08:53.150002+0000,2019-07-28 12:21:40.442029+0000
713,1101,61620,61620,7940,TASK_INTERVIEW,2019-07-28 08:08:53.951776+0000,2019-07-28 12:18:10.783255+0000
714,1103,62309,62309,8753,TASK_INTERVIEW,2019-07-28 08:08:54.536647+0000,2019-07-28 12:21:49.683334+0000
717,1111,40043,40043,367,TASK_INTERVIEW,2019-07-28 08:08:57.671859+0000,2019-07-28 12:17:36.908839+0000
719,1117,40048,40048,372,TASK_INTERVIEW,2019-07-28 08:08:59.931016+0000,2019-07-28 12:17:22.691105+0000
721,1122,40118,40118,429,TASK_INTERVIEW,2019-07-28 08:09:00.683583+0000,2019-07-28 12:16:13.113980+0000
722,1125,40363,40363,657,TASK_INTERVIEW,2019-07-28 08:09:02.225908+0000,2019-07-28 12:17:01.121541+0000
723,1128,40364,40364,658,TASK_INTERVIEW,2019-07-28 08:09:03.624323+0000,2019-07-28 12:17:01.552656+0000
724,1131,40366,40366,660,TASK_INTERVIEW,2019-07-28 08:09:04.511004+0000,2019-07-28 12:17:02.421909+0000
726,1144,40347,40347,641,TASK_INTERVIEW,2019-07-28 08:09:08.817655+0000,2019-07-28 12:16:52.447327+0000
727,1146,40348,40348,642,TASK_INTERVIEW,2019-07-28 08:09:09.999273+0000,2019-07-28 12:15:59.743935+0000
728,1150,40352,40352,646,TASK_INTERVIEW,2019-07-28 08:09:11.654487+0000,2019-07-28 12:17:44.149080+0000
729,1154,40379,40379,673,TASK_INTERVIEW,2019-07-28 08:09:13.236534+0000,2019-07-28 12:14:39.278547+0000
730,1156,40380,40380,674,TASK_INTERVIEW,2019-07-28 08:09:14.042686+0000,2019-07-28 12:14:39.694513+0000
731,1158,40439,40439,730,TASK_INTERVIEW,2019-07-28 08:09:14.838964+0000,2019-07-28 12:32:02.935031+0000
732,1160,46325,46325,1009,TASK_INTERVIEW,2019-07-28 08:09:15.681760+0000,2019-07-28 12:11:17.195705+0000
733,1162,46358,46358,1255,TASK_INTERVIEW,2019-07-28 08:09:16.446322+0000,2019-07-28 12:11:10.057474+0000
734,1164,62494,62494,9068,TASK_INTERVIEW,2019-07-28 08:09:17.186279+0000,2019-07-28 12:17:42.307359+0000
735,1168,62556,62556,9199,TASK_INTERVIEW,2019-07-28 08:09:18.674051+0000,2019-07-28 12:18:22.123505+0000
736,1296,40021,40021,345,TASK_INTERVIEW,2019-07-28 08:09:58.936888+0000,2019-07-28 12:16:15.742968+0000
737,1298,40038,40038,362,TASK_INTERVIEW,2019-07-28 08:09:59.589512+0000,2019-07-28 12:17:15.893226+0000
738,1304,40204,40204,511,TASK_INTERVIEW,2019-07-28 08:10:03.742157+0000,2019-07-28 12:17:00.040546+0000
739,1305,60120,60120,5000,TASK_INTERVIEW,2019-07-28 08:10:04.026649+0000,2019-07-28 12:17:16.798143+0000
740,1306,60121,60121,5020,TASK_INTERVIEW,2019-07-28 08:10:04.539582+0000,2019-07-28 12:17:04.805346+0000
741,1307,60122,60122,5001,TASK_INTERVIEW,2019-07-28 08:10:04.959215+0000,2019-07-28 12:17:17.068698+0000
742,1308,62415,62415,8931,TASK_INTERVIEW,2019-07-28 08:10:05.403727+0000,2019-07-28 12:16:22.401291+0000
743,1309,62560,62560,9211,TASK_INTERVIEW,2019-07-28 08:10:05.835636+0000,2019-07-28 12:16:01.421717+0000
744,1310,62651,62651,9339,TASK_INTERVIEW,2019-07-28 08:10:05.995630+0000,2019-07-28 12:15:51.715873+0000
746,1314,40460,40460,750,TASK_INTERVIEW,2019-07-28 08:10:07.213259+0000,2019-07-28 12:16:05.574761+0000
747,1317,40462,40462,752,TASK_INTERVIEW,2019-07-28 08:10:08.562013+0000,2019-07-28 12:17:35.197730+0000
748,1320,41121,41121,765,TASK_INTERVIEW,2019-07-28 08:10:09.631248+0000,2019-07-28 12:28:35.838406+0000
749,1323,46355,46355,1150,TASK_INTERVIEW,2019-07-28 08:10:10.946716+0000,2019-07-28 12:17:34.902186+0000
750,1326,46356,46356,1151,TASK_INTERVIEW,2019-07-28 08:10:11.637336+0000,2019-07-28 12:17:33.275952+0000
751,1329,60880,60880,6880,TASK_INTERVIEW,2019-07-28 08:10:13.198070+0000,2019-07-28 12:15:40.892036+0000
752,1332,40005,40005,329,TASK_INTERVIEW,2019-07-28 08:10:14.224508+0000,2019-07-28 12:14:38.532827+0000
753,1334,40180,40180,489,TASK_INTERVIEW,2019-07-28 08:10:14.878726+0000,2019-07-28 12:14:38.915156+0000
754,1336,40181,40181,490,TASK_INTERVIEW,2019-07-28 08:10:15.661310+0000,2019-07-28 12:18:04.657437+0000
755,1338,40182,40182,491,TASK_INTERVIEW,2019-07-28 08:10:16.298386+0000,2019-07-28 12:14:29.168367+0000
756,1340,40186,40186,494,TASK_INTERVIEW,2019-07-28 08:10:16.785977+0000,2019-07-28 12:28:57.953473+0000
757,1348,40377,40377,671,TASK_INTERVIEW,2019-07-28 08:10:18.903975+0000,2019-07-28 12:18:08.447826+0000
758,1354,40006,40006,330,TASK_INTERVIEW,2019-07-28 08:10:20.321070+0000,2019-07-28 12:16:20.595688+0000
760,1358,40183,40183,492,TASK_INTERVIEW,2019-07-28 08:10:21.646464+0000,2019-07-28 12:15:40.584375+0000
761,1360,40185,40185,493,TASK_INTERVIEW,2019-07-28 08:10:22.219263+0000,2019-07-28 12:16:42.562345+0000
762,1362,40187,40187,495,TASK_INTERVIEW,2019-07-28 08:10:22.585218+0000,2019-07-28 12:17:26.019930+0000
763,1364,40188,40188,496,TASK_INTERVIEW,2019-07-28 08:10:23.469946+0000,2019-07-28 12:11:11.074445+0000
764,1366,40233,40233,540,TASK_INTERVIEW,2019-07-28 08:10:24.123104+0000,2019-07-28 12:14:43.940897+0000
765,1368,40234,40234,541,TASK_INTERVIEW,2019-07-28 08:10:24.711929+0000,2019-07-28 12:14:44.230589+0000
767,1384,40009,40009,333,TASK_INTERVIEW,2019-07-28 08:10:28.403506+0000,2019-07-28 12:18:16.002341+0000
768,1386,40072,40072,394,TASK_INTERVIEW,2019-07-28 08:10:29.000551+0000,2019-07-28 12:16:04.502301+0000
769,1388,40121,40121,432,TASK_INTERVIEW,2019-07-28 08:10:29.435046+0000,2019-07-28 12:17:10.648945+0000
770,1390,40205,40205,512,TASK_INTERVIEW,2019-07-28 08:10:30.062945+0000,2019-07-28 12:15:28.558803+0000
771,1392,40373,40373,667,TASK_INTERVIEW,2019-07-28 08:10:30.716809+0000,2019-07-28 12:14:21.212894+0000
772,1396,40392,40392,686,TASK_INTERVIEW,2019-07-28 08:10:32.005577+0000,2019-07-28 12:28:17.925202+0000
773,1398,40881,40881,1440,TASK_INTERVIEW,2019-07-28 08:10:32.441918+0000,2019-07-28 12:14:21.574281+0000
774,1400,46335,46335,1031,TASK_INTERVIEW,2019-07-28 08:10:33.117528+0000,2019-07-28 12:17:12.239218+0000
775,1402,46336,46336,1032,TASK_INTERVIEW,2019-07-28 08:10:33.707520+0000,2019-07-28 12:17:11.029214+0000
776,1414,62497,62497,9090,TASK_INTERVIEW,2019-07-28 08:10:36.617708+0000,2019-07-28 12:18:05.653874+0000
777,1441,40035,40035,359,TASK_INTERVIEW,2019-07-28 08:10:42.320884+0000,2019-07-28 12:14:32.184685+0000
778,1444,40036,40036,360,TASK_INTERVIEW,2019-07-28 08:10:43.835296+0000,2019-07-28 12:14:32.636160+0000
779,1447,40102,40102,413,TASK_INTERVIEW,2019-07-28 08:10:44.212387+0000,2019-07-28 12:14:33.468195+0000
780,1450,40230,40230,537,TASK_INTERVIEW,2019-07-28 08:10:45.192502+0000,2019-07-28 12:18:31.078432+0000
781,1453,40247,40247,554,TASK_INTERVIEW,2019-07-28 08:10:46.299052+0000,2019-07-28 12:28:05.827814+0000
782,1456,40248,40248,555,TASK_INTERVIEW,2019-07-28 08:10:47.323154+0000,2019-07-28 12:28:06.241174+0000
783,1459,40249,40249,556,TASK_INTERVIEW,2019-07-28 08:10:48.499624+0000,2019-07-28 12:18:31.825447+0000
784,1462,40250,40250,557,TASK_INTERVIEW,2019-07-28 08:10:49.567276+0000,2019-07-28 12:18:32.277797+0000
786,1477,40163,40163,473,TASK_INTERVIEW,2019-07-28 08:10:53.150015+0000,2019-07-28 12:15:52.204926+0000
787,1480,40445,40445,736,TASK_INTERVIEW,2019-07-28 08:10:54.053558+0000,2019-07-28 12:14:25.522091+0000
788,1483,40446,40446,737,TASK_INTERVIEW,2019-07-28 08:10:55.040154+0000,2019-07-28 12:14:25.875135+0000
792,1495,40124,40124,435,TASK_INTERVIEW,2019-07-28 08:10:58.792200+0000,2019-07-28 12:14:20.860734+0000
793,1496,40126,40126,437,TASK_INTERVIEW,2019-07-28 08:10:59.229344+0000,2019-07-28 12:16:01.684236+0000
794,1497,40196,40196,503,TASK_INTERVIEW,2019-07-28 08:10:59.777231+0000,2019-07-28 12:15:25.255409+0000
796,1500,40876,40876,1436,TASK_INTERVIEW,2019-07-28 08:11:01.791538+0000,2019-07-28 12:15:22.071739+0000
797,1501,40877,40877,1435,TASK_INTERVIEW,2019-07-28 08:11:02.855105+0000,2019-07-28 12:14:33.770938+0000
798,1502,40878,40878,1433,TASK_INTERVIEW,2019-07-28 08:11:03.493799+0000,2019-07-28 12:15:23.829959+0000
799,1503,40879,40879,1434,TASK_INTERVIEW,2019-07-28 08:11:04.173000+0000,2019-07-28 12:15:20.959109+0000
800,1505,46324,46324,1008,TASK_INTERVIEW,2019-07-28 08:11:05.229396+0000,2019-07-28 12:16:33.326092+0000
801,1600,40101,40101,412,TASK_INTERVIEW,2019-07-28 08:11:29.653814+0000,2019-07-28 12:14:34.438299+0000
802,1606,40197,40197,504,TASK_INTERVIEW,2019-07-28 08:11:31.248495+0000,2019-07-28 12:16:39.512410+0000
803,1609,40198,40198,505,TASK_INTERVIEW,2019-07-28 08:11:32.387560+0000,2019-07-28 12:28:36.677104+0000
804,1612,40325,40325,622,TASK_INTERVIEW,2019-07-28 08:11:33.540629+0000,2019-07-28 12:16:45.393573+0000
805,1615,62656,62656,9354,TASK_INTERVIEW,2019-07-28 08:11:34.619328+0000,2019-07-28 12:17:39.253725+0000
806,1618,62657,62657,9357,TASK_INTERVIEW,2019-07-28 08:11:35.566927+0000,2019-07-28 12:16:45.982147+0000
807,1621,62661,62661,9369,TASK_INTERVIEW,2019-07-28 08:11:36.495786+0000,2019-07-28 12:15:24.529156+0000
809,1642,40192,40192,499,TASK_INTERVIEW,2019-07-28 08:11:42.264524+0000,2019-07-28 12:15:24.944804+0000
810,1649,40193,40193,500,TASK_INTERVIEW,2019-07-28 08:11:44.196435+0000,2019-07-28 12:15:21.347591+0000
811,1656,40194,40194,501,TASK_INTERVIEW,2019-07-28 08:11:46.186483+0000,2019-07-28 12:15:24.174973+0000
812,1663,40195,40195,502,TASK_INTERVIEW,2019-07-28 08:11:48.090232+0000,2019-07-28 12:15:21.725852+0000
813,1670,46327,46327,1012,TASK_INTERVIEW,2019-07-28 08:11:50.338144+0000,2019-07-28 12:16:16.279194+0000
815,1686,39781,39781,313,TASK_INTERVIEW,2019-07-28 08:11:54.520062+0000,2019-07-28 12:28:48.140920+0000
816,1688,39782,39782,314,TASK_INTERVIEW,2019-07-28 08:11:55.100488+0000,2019-07-28 12:28:48.476013+0000
817,1690,39783,39783,315,TASK_INTERVIEW,2019-07-28 08:11:55.801555+0000,2019-07-28 12:16:08.886300+0000
818,1692,39784,39784,316,TASK_INTERVIEW,2019-07-28 08:11:56.473044+0000,2019-07-28 12:15:20.187130+0000
819,1694,99999,99999,784,TASK_INTERVIEW,2019-07-28 08:11:57.267279+0000,2019-07-28 12:15:20.560088+0000
821,1698,39797,39797,322,TASK_INTERVIEW,2019-07-28 08:11:59.090031+0000,2019-07-28 12:28:49.437966+0000
822,1700,39798,39798,323,TASK_INTERVIEW,2019-07-28 08:12:00.081834+0000,2019-07-28 12:28:49.836810+0000
823,1702,40875,40875,761,TASK_INTERVIEW,2019-07-28 08:12:00.926872+0000,2019-07-28 12:18:09.423689+0000
824,1704,40241,40241,548,TASK_INTERVIEW,2019-07-28 08:12:01.932107+0000,2019-07-28 12:14:26.618590+0000
825,1706,40242,40242,549,TASK_INTERVIEW,2019-07-28 08:12:02.853045+0000,2019-07-28 12:14:26.871605+0000
826,1710,40244,40244,551,TASK_INTERVIEW,2019-07-28 08:12:04.239503+0000,2019-07-28 12:14:40.498680+0000
827,1712,40245,40245,552,TASK_INTERVIEW,2019-07-28 08:12:04.796653+0000,2019-07-28 12:14:23.083917+0000
828,1714,40246,40246,553,TASK_INTERVIEW,2019-07-28 08:12:05.797577+0000,2019-07-28 12:14:23.467217+0000
829,1716,39786,39786,318,TASK_INTERVIEW,2019-07-28 08:12:06.400366+0000,2019-07-28 12:18:34.220578+0000
830,1718,39787,39787,319,TASK_INTERVIEW,2019-07-28 08:12:07.131236+0000,2019-07-28 12:18:34.574375+0000
831,1732,40308,40308,608,TASK_INTERVIEW,2019-07-28 08:12:10.799490+0000,2019-07-28 12:16:08.248044+0000
832,1736,40309,40309,609,TASK_INTERVIEW,2019-07-28 08:12:12.432481+0000,2019-07-28 12:16:08.603788+0000
834,1744,40311,40311,611,TASK_INTERVIEW,2019-07-28 08:12:15.049531+0000,2019-07-28 12:11:14.342392+0000
835,1748,40312,40312,612,TASK_INTERVIEW,2019-07-28 08:12:15.829043+0000,2019-07-28 12:16:47.279684+0000
836,1752,40313,40313,613,TASK_INTERVIEW,2019-07-28 08:12:17.706804+0000,2019-07-28 12:16:47.777541+0000
837,1756,46380,46380,1305,TASK_INTERVIEW,2019-07-28 08:12:18.913322+0000,2019-07-28 12:17:21.808122+0000
838,1760,46385,46385,1306,TASK_INTERVIEW,2019-07-28 08:12:20.192283+0000,2019-07-28 12:16:07.915069+0000
839,1764,46390,46390,1307,TASK_INTERVIEW,2019-07-28 08:12:21.599948+0000,2019-07-28 12:16:07.604712+0000
840,1768,46395,46395,1308,TASK_INTERVIEW,2019-07-28 08:12:22.793263+0000,2019-07-28 12:17:21.490581+0000
841,1772,46400,46400,1309,TASK_INTERVIEW,2019-07-28 08:12:24.048538+0000,2019-07-28 12:17:22.087855+0000
843,1782,40136,40136,447,TASK_INTERVIEW,2019-07-28 08:12:27.143416+0000,2019-07-28 12:11:12.253246+0000
844,1784,40137,40137,448,TASK_INTERVIEW,2019-07-28 08:12:28.796087+0000,2019-07-28 12:11:12.941133+0000
845,1786,40138,40138,449,TASK_INTERVIEW,2019-07-28 08:12:29.605585+0000,2019-07-28 12:11:12.706290+0000
846,1788,40139,40139,450,TASK_INTERVIEW,2019-07-28 08:12:30.324485+0000,2019-07-28 12:15:48.626309+0000
847,1790,40409,40409,702,TASK_INTERVIEW,2019-07-28 08:12:31.005594+0000,2019-07-28 12:17:08.953848+0000
848,1792,46328,46328,1013,TASK_INTERVIEW,2019-07-28 08:12:32.017309+0000,2019-07-28 12:15:59.236612+0000
849,1794,62658,62658,9360,TASK_INTERVIEW,2019-07-28 08:12:32.886044+0000,2019-07-28 12:14:24.174302+0000
850,1798,39801,39801,324,TASK_INTERVIEW,2019-07-28 08:12:34.235828+0000,2019-07-28 12:16:30.624865+0000
851,1802,100078,100078,788,TASK_INTERVIEW,2019-07-28 08:12:35.558434+0000,2019-07-28 12:11:15.243089+0000
852,1803,39763,39763,305,TASK_INTERVIEW,2019-07-28 08:12:35.911954+0000,2019-07-28 12:11:14.488691+0000
853,1804,39773,39773,306,TASK_INTERVIEW,2019-07-28 08:12:36.524079+0000,2019-07-28 12:11:15.974441+0000
854,1805,40172,40172,482,TASK_INTERVIEW,2019-07-28 08:12:38.137843+0000,2019-07-28 12:11:15.753532+0000
855,1806,43080,43080,768,TASK_INTERVIEW,2019-07-28 08:12:38.489421+0000,2019-07-28 12:11:14.854237+0000
856,1807,62392,62392,8882,TASK_INTERVIEW,2019-07-28 08:12:38.957646+0000,2019-07-28 12:16:09.179268+0000
857,1808,62496,62496,9074,TASK_INTERVIEW,2019-07-28 08:12:39.592811+0000,2019-07-28 12:15:58.423654+0000
858,1809,62648,62648,9330,TASK_INTERVIEW,2019-07-28 08:12:39.989709+0000,2019-07-28 12:17:21.143452+0000
859,1816,40300,40300,600,TASK_INTERVIEW,2019-07-28 08:12:42.683846+0000,2019-07-28 12:28:31.442331+0000
860,1818,40301,40301,601,TASK_INTERVIEW,2019-07-28 08:12:43.767644+0000,2019-07-28 12:28:31.852241+0000
861,1826,40040,40040,364,TASK_INTERVIEW,2019-07-28 08:12:46.457773+0000,2019-07-28 08:12:46.457773+0000
862,1859,40042,40042,366,TASK_INTERVIEW,2019-07-28 08:12:56.569086+0000,2019-07-28 08:12:56.569086+0000
863,1862,40045,40045,369,TASK_INTERVIEW,2019-07-28 08:12:58.110468+0000,2019-07-28 08:12:58.110468+0000
864,1864,41004,41004,762,TASK_INTERVIEW,2019-07-28 08:12:58.610104+0000,2019-07-28 08:12:58.610104+0000
866,1875,40436,40436,727,TASK_INTERVIEW,2019-07-28 08:13:03.803836+0000,2019-07-28 12:17:15.203123+0000
868,1877,62350,62350,8793,TASK_INTERVIEW,2019-07-28 08:13:04.934826+0000,2019-07-28 12:16:40.325115+0000
870,1964,40028,40028,352,TASK_INTERVIEW,2019-07-28 08:13:34.566354+0000,2019-07-28 12:15:36.870649+0000
871,1965,40059,40059,382,TASK_INTERVIEW,2019-07-28 08:13:35.471816+0000,2019-07-28 12:17:36.029814+0000
873,1967,40149,40149,460,TASK_INTERVIEW,2019-07-28 08:13:36.366397+0000,2019-07-28 12:17:38.944369+0000
874,1968,40273,40273,576,TASK_INTERVIEW,2019-07-28 08:13:36.751133+0000,2019-07-28 12:15:32.754503+0000
875,1969,43283,43283,771,TASK_INTERVIEW,2019-07-28 08:13:37.267087+0000,2019-07-28 12:15:33.195629+0000
876,1979,40270,40270,570,TASK_INTERVIEW,2019-07-28 08:13:40.294937+0000,2019-07-29 08:25:20.319082+0000
877,1977,40267,40267,572,TASK_INTERVIEW,2019-07-28 08:13:40.768040+0000,2019-07-28 12:16:40.710749+0000
878,1980,40271,40271,574,TASK_INTERVIEW,2019-07-28 08:13:41.615296+0000,2019-07-28 12:16:04.122629+0000
879,1981,40031,40031,355,TASK_INTERVIEW,2019-07-28 08:13:42.138217+0000,2019-07-28 12:15:39.948640+0000
880,1984,40120,40120,431,TASK_INTERVIEW,2019-07-28 08:13:43.021404+0000,2019-07-28 12:16:36.184329+0000
881,1986,40365,40365,659,TASK_INTERVIEW,2019-07-28 08:13:43.887736+0000,2019-07-28 12:16:32.870075+0000
882,1987,62308,62308,8750,TASK_INTERVIEW,2019-07-28 08:13:44.466121+0000,2019-07-28 12:15:29.514193+0000
883,1988,62351,62351,8796,TASK_INTERVIEW,2019-07-28 08:13:44.874732+0000,2019-07-28 12:15:49.407266+0000
884,1989,62393,62393,8885,TASK_INTERVIEW,2019-07-28 08:13:45.361092+0000,2019-07-28 12:17:25.617971+0000
885,1990,62394,62394,8888,TASK_INTERVIEW,2019-07-28 08:13:45.731692+0000,2019-07-28 12:14:40.824829+0000
886,1991,62414,62414,8928,TASK_INTERVIEW,2019-07-28 08:13:46.083872+0000,2019-07-28 12:16:12.268503+0000
887,1992,62489,62489,9053,TASK_INTERVIEW,2019-07-28 08:13:46.443824+0000,2019-07-28 12:17:41.467275+0000
888,1993,62495,62495,9071,TASK_INTERVIEW,2019-07-28 08:13:46.834775+0000,2019-07-28 12:16:55.452883+0000
889,1994,62551,62551,9180,TASK_INTERVIEW,2019-07-28 08:13:47.245822+0000,2019-07-28 12:16:14.573519+0000
891,1996,40113,40113,424,TASK_INTERVIEW,2019-07-28 08:13:47.983397+0000,2019-07-28 12:15:46.786975+0000
892,1997,46360,46360,1285,TASK_INTERVIEW,2019-07-28 08:13:48.995785+0000,2019-07-28 12:16:18.615358+0000
894,2000,40190,40190,498,TASK_INTERVIEW,2019-07-28 08:13:50.424131+0000,2019-07-28 12:14:45.348435+0000
895,2001,40275,40275,578,TASK_INTERVIEW,2019-07-28 08:13:50.981969+0000,2019-07-28 12:15:33.813301+0000
896,2002,40314,40314,614,TASK_INTERVIEW,2019-07-28 08:13:51.742957+0000,2019-07-28 08:13:51.742957+0000
897,2004,40440,40440,731,TASK_INTERVIEW,2019-07-28 08:13:52.635637+0000,2019-07-28 12:32:03.799955+0000
898,2005,40451,40451,742,TASK_INTERVIEW,2019-07-28 08:13:53.223389+0000,2019-07-28 12:32:08.692778+0000
899,2009,40073,40073,395,TASK_INTERVIEW,2019-07-28 08:13:54.562847+0000,2019-07-28 12:14:41.574827+0000
900,2016,40291,40291,396,TASK_INTERVIEW,2019-07-28 08:13:54.779348+0000,2019-07-29 08:25:15.987977+0000
901,2011,40284,40284,585,TASK_INTERVIEW,2019-07-28 08:13:55.326711+0000,2019-07-28 12:17:09.295790+0000
902,2012,40285,40285,586,TASK_INTERVIEW,2019-07-28 08:13:56.054825+0000,2019-07-28 12:17:09.744239+0000
904,2014,40287,40287,588,TASK_INTERVIEW,2019-07-28 08:13:57.345215+0000,2019-07-28 12:21:33.178008+0000
905,2015,40290,40290,591,TASK_INTERVIEW,2019-07-28 08:13:57.992984+0000,2019-07-28 12:17:32.066121+0000
906,2017,40294,40294,594,TASK_INTERVIEW,2019-07-28 08:13:58.746731+0000,2019-07-28 12:16:31.339683+0000
907,2018,40295,40295,595,TASK_INTERVIEW,2019-07-28 08:13:59.211121+0000,2019-07-28 12:16:31.652794+0000
908,2019,40306,40306,606,TASK_INTERVIEW,2019-07-28 08:13:59.764679+0000,2019-07-28 12:16:43.310694+0000
909,2020,40307,40307,607,TASK_INTERVIEW,2019-07-28 08:14:00.760927+0000,2019-07-28 12:16:43.029885+0000
910,2021,60840,60840,6500,TASK_INTERVIEW,2019-07-28 08:14:01.126754+0000,2019-07-28 12:16:09.865451+0000
912,2030,40297,40297,597,TASK_INTERVIEW,2019-07-28 08:14:05.086379+0000,2019-07-28 12:28:09.859639+0000
913,2032,40298,40298,598,TASK_INTERVIEW,2019-07-28 08:14:06.047448+0000,2019-07-28 12:28:10.298436+0000
914,2034,40299,40299,599,TASK_INTERVIEW,2019-07-28 08:14:06.888119+0000,2019-07-28 12:28:10.682136+0000
915,2042,40280,40280,583,TASK_INTERVIEW,2019-07-28 08:14:09.658402+0000,2019-07-28 12:14:30.343525+0000
916,2044,40281,40281,584,TASK_INTERVIEW,2019-07-28 08:14:10.409769+0000,2019-07-28 12:14:30.656014+0000
917,2050,40075,40075,397,TASK_INTERVIEW,2019-07-28 08:14:12.750603+0000,2019-07-28 12:18:24.125460+0000
918,2052,40076,40076,398,TASK_INTERVIEW,2019-07-28 08:14:13.662524+0000,2019-07-28 12:18:24.660091+0000
921,2108,40434,40434,725,TASK_INTERVIEW,2019-07-28 08:14:31.715746+0000,2019-07-28 12:17:29.107357+0000
922,2110,40288,40288,589,TASK_INTERVIEW,2019-07-28 08:14:32.966585+0000,2019-07-28 12:18:34.880183+0000
923,2112,40289,40289,590,TASK_INTERVIEW,2019-07-28 08:14:33.961145+0000,2019-07-28 12:18:35.384306+0000
924,2114,40358,40358,652,TASK_INTERVIEW,2019-07-28 08:14:35.118249+0000,2019-07-28 12:28:32.198142+0000
925,2116,40359,40359,653,TASK_INTERVIEW,2019-07-28 08:14:35.846711+0000,2019-07-28 12:28:32.562278+0000
926,2126,40302,40302,602,TASK_INTERVIEW,2019-07-28 08:14:39.364869+0000,2019-07-28 12:14:43.424372+0000
927,2128,40303,40303,603,TASK_INTERVIEW,2019-07-28 08:14:39.926358+0000,2019-07-28 12:14:43.698451+0000
928,2130,40304,40304,604,TASK_INTERVIEW,2019-07-28 08:14:40.472946+0000,2019-07-28 12:14:42.660994+0000
929,2132,40305,40305,605,TASK_INTERVIEW,2019-07-28 08:14:41.121986+0000,2019-07-28 12:14:43.056002+0000
931,2136,40316,40316,1137,TASK_INTERVIEW,2019-07-28 08:14:42.537475+0000,2019-07-28 12:14:30.069586+0000
932,2138,40422,40422,714,TASK_INTERVIEW,2019-07-28 08:14:43.250178+0000,2019-07-28 12:17:00.806550+0000
933,2142,40883,40883,1444,TASK_INTERVIEW,2019-07-28 08:14:44.199119+0000,2019-07-28 12:17:02.931756+0000
935,2152,40232,40232,539,TASK_INTERVIEW,2019-07-28 08:14:47.224017+0000,2019-07-28 12:16:32.480666+0000
938,2167,40051,40051,374,TASK_INTERVIEW,2019-07-28 08:14:51.874408+0000,2019-07-28 08:14:51.874408+0000
939,2168,40052,40052,375,TASK_INTERVIEW,2019-07-28 08:14:52.275300+0000,2019-07-28 08:14:52.275300+0000
940,2170,40054,40054,377,TASK_INTERVIEW,2019-07-28 08:14:53.223810+0000,2019-07-28 08:14:53.223810+0000
941,2171,40055,40055,378,TASK_INTERVIEW,2019-07-28 08:14:53.774300+0000,2019-07-28 08:14:53.774300+0000
942,2172,40056,40056,379,TASK_INTERVIEW,2019-07-28 08:14:54.055498+0000,2019-07-28 08:14:54.055498+0000
943,2173,40057,40057,380,TASK_INTERVIEW,2019-07-28 08:14:54.517548+0000,2019-07-28 08:14:54.517548+0000
944,2174,40058,40058,381,TASK_INTERVIEW,2019-07-28 08:14:54.925965+0000,2019-07-28 12:17:35.527749+0000
945,2176,40060,40060,383,TASK_INTERVIEW,2019-07-28 08:14:55.815181+0000,2019-07-28 12:17:42.803254+0000
946,2177,40061,40061,384,TASK_INTERVIEW,2019-07-28 08:14:56.393204+0000,2019-07-28 12:17:43.239738+0000
947,2178,40254,40254,561,TASK_INTERVIEW,2019-07-28 08:14:56.804945+0000,2019-07-28 08:14:56.804945+0000
948,2179,40255,40255,562,TASK_INTERVIEW,2019-07-28 08:14:57.286029+0000,2019-07-28 08:14:57.286029+0000
949,2196,40421,40421,713,TASK_INTERVIEW,2019-07-28 08:15:03.146781+0000,2019-07-28 12:28:30.731071+0000
951,2273,40327,40327,624,TASK_INTERVIEW,2019-07-28 08:15:24.125474+0000,2019-07-28 12:28:56.762105+0000
952,2276,40328,40328,625,TASK_INTERVIEW,2019-07-28 08:15:24.826090+0000,2019-07-28 12:28:56.014229+0000
953,2288,62557,62557,9202,TASK_INTERVIEW,2019-07-28 08:15:27.389945+0000,2019-07-28 12:17:53.675005+0000
955,2311,40088,40088,400,TASK_INTERVIEW,2019-07-28 08:15:35.790264+0000,2019-07-28 12:21:37.585169+0000
956,2315,40123,40123,434,TASK_INTERVIEW,2019-07-28 08:15:36.989350+0000,2019-07-28 12:17:12.538390+0000
958,2319,40442,40442,733,TASK_INTERVIEW,2019-07-28 08:15:38.594175+0000,2019-07-28 12:17:27.011681+0000
959,2321,41006,41006,763,TASK_INTERVIEW,2019-07-28 08:15:39.318264+0000,2019-07-28 12:21:37.225105+0000
960,2327,46473,46473,1493,TASK_INTERVIEW,2019-07-28 08:15:41.292296+0000,2019-07-28 12:16:09.693808+0000
961,2428,61240,61240,7080,TASK_INTERVIEW,2019-07-28 08:16:07.484606+0000,2019-07-28 12:14:46.628570+0000
963,2460,40332,40332,627,TASK_INTERVIEW,2019-07-28 08:16:14.167703+0000,2019-07-28 12:28:07.262605+0000
964,2462,40333,40333,628,TASK_INTERVIEW,2019-07-28 08:16:14.966756+0000,2019-07-28 12:28:07.773394+0000
965,2470,40429,40429,1010,TASK_INTERVIEW,2019-07-28 08:16:18.024473+0000,2019-07-28 12:14:47.404420+0000
966,2476,46326,46326,1011,TASK_INTERVIEW,2019-07-28 08:16:19.778017+0000,2019-07-28 12:15:57.285921+0000
968,2542,40411,40411,704,TASK_INTERVIEW,2019-07-28 08:16:40.076745+0000,2019-07-28 12:16:50.028446+0000
969,2566,40278,40278,581,TASK_INTERVIEW,2019-07-28 08:16:48.186340+0000,2019-07-28 12:15:42.101904+0000
970,2568,40279,40279,582,TASK_INTERVIEW,2019-07-28 08:16:48.914710+0000,2019-07-28 12:15:42.543030+0000
972,2590,2102360,2102360,798,TASK_INTERVIEW,2019-07-28 08:16:58.808293+0000,2019-07-28 12:16:27.034127+0000
973,2594,40235,40235,542,TASK_INTERVIEW,2019-07-28 08:16:59.897697+0000,2019-07-28 12:14:20.431895+0000
974,2598,40236,40236,543,TASK_INTERVIEW,2019-07-28 08:17:01.284007+0000,2019-07-28 12:14:19.647973+0000
975,2602,40237,40237,544,TASK_INTERVIEW,2019-07-28 08:17:03.656588+0000,2019-07-28 12:17:18.721973+0000
976,2606,40238,40238,545,TASK_INTERVIEW,2019-07-28 08:17:04.627286+0000,2019-07-28 12:17:18.323414+0000
977,2610,40239,40239,546,TASK_INTERVIEW,2019-07-28 08:17:06.158864+0000,2019-07-28 12:16:41.994660+0000
978,2614,40240,40240,547,TASK_INTERVIEW,2019-07-28 08:17:06.823106+0000,2019-07-28 12:16:41.719022+0000
979,2636,2102384,2102384,803,TASK_INTERVIEW,2019-07-28 08:17:13.423095+0000,2019-07-28 12:15:52.535824+0000
981,2640,40257,40257,564,TASK_INTERVIEW,2019-07-28 08:17:15.212037+0000,2019-07-28 12:15:52.875042+0000
982,2642,40258,40258,565,TASK_INTERVIEW,2019-07-28 08:17:16.039661+0000,2019-07-28 12:15:53.694024+0000
983,2650,62389,62389,8873,TASK_INTERVIEW,2019-07-28 08:17:19.017544+0000,2019-07-28 12:15:28.215759+0000
985,2670,40412,40412,705,TASK_INTERVIEW,2019-07-28 08:17:25.328660+0000,2019-07-28 12:16:50.294883+0000
987,2680,40353,40353,647,TASK_INTERVIEW,2019-07-28 08:17:28.130710+0000,2019-07-28 12:16:34.460070+0000
988,2684,40354,40354,648,TASK_INTERVIEW,2019-07-28 08:17:29.927487+0000,2019-07-28 12:16:34.050213+0000
989,2688,40355,40355,649,TASK_INTERVIEW,2019-07-28 08:17:31.474334+0000,2019-07-28 12:16:35.395255+0000
990,2692,46405,46405,1321,TASK_INTERVIEW,2019-07-28 08:17:32.794922+0000,2019-07-28 12:16:35.158990+0000
991,2696,62228,62228,8670,TASK_INTERVIEW,2019-07-28 08:17:33.739271+0000,2019-07-28 12:16:27.394259+0000
992,2700,62354,62354,8805,TASK_INTERVIEW,2019-07-28 08:17:34.772499+0000,2019-07-28 12:16:41.434805+0000
993,2704,62388,62388,8870,TASK_INTERVIEW,2019-07-28 08:17:35.479709+0000,2019-07-28 12:16:57.530561+0000
994,2708,62390,62390,8876,TASK_INTERVIEW,2019-07-28 08:17:36.116338+0000,2019-07-28 12:17:03.500226+0000
995,2712,62391,62391,8879,TASK_INTERVIEW,2019-07-28 08:17:36.747311+0000,2019-07-28 12:14:47.942739+0000
996,2716,62491,62491,9059,TASK_INTERVIEW,2019-07-28 08:17:37.483967+0000,2019-07-28 12:16:30.047744+0000
997,2730,40134,40134,445,TASK_INTERVIEW,2019-07-28 08:17:41.031874+0000,2019-07-28 12:28:19.700946+0000
998,2732,40135,40135,446,TASK_INTERVIEW,2019-07-28 08:17:41.535162+0000,2019-07-28 12:28:19.974419+0000
999,2740,40372,40372,666,TASK_INTERVIEW,2019-07-28 08:17:43.730408+0000,2019-07-28 12:16:37.819129+0000
1001,2790,40420,40420,712,TASK_INTERVIEW,2019-07-28 08:17:57.016746+0000,2019-07-28 12:16:55.849114+0000
1003,2794,40432,40432,723,TASK_INTERVIEW,2019-07-28 08:17:58.795661+0000,2019-07-28 12:17:04.454558+0000
1004,2796,40450,40450,741,TASK_INTERVIEW,2019-07-28 08:17:59.466967+0000,2019-07-28 12:16:26.297580+0000
1005,2798,46320,46320,776,TASK_INTERVIEW,2019-07-28 08:18:00.124719+0000,2019-07-28 12:16:25.845788+0000
1006,2808,40398,40398,692,TASK_INTERVIEW,2019-07-28 08:18:03.649095+0000,2019-07-28 12:16:23.125821+0000
1007,2810,46330,46330,1015,TASK_INTERVIEW,2019-07-28 08:18:04.377549+0000,2019-07-28 12:21:50.426365+0000
1009,2894,40437,40437,728,TASK_INTERVIEW,2019-07-28 08:18:28.614463+0000,2019-07-28 12:29:03.803053+0000
1011,2906,40367,40367,661,TASK_INTERVIEW,2019-07-28 08:18:32.863924+0000,2019-07-28 12:20:25.254952+0000
1012,2908,40368,40368,662,TASK_INTERVIEW,2019-07-28 08:18:33.464083+0000,2019-07-28 12:24:53.347457+0000
1014,3076,40071,40071,393,TASK_INTERVIEW,2019-07-28 08:19:18.905716+0000,2019-07-28 12:16:48.707216+0000
1015,3080,40263,40263,569,TASK_INTERVIEW,2019-07-28 08:19:19.799531+0000,2019-07-28 12:15:26.485359+0000
1016,3084,40265,40265,571,TASK_INTERVIEW,2019-07-28 08:19:21.073827+0000,2019-07-28 12:15:53.983528+0000
1019,3101,40394,40394,688,TASK_INTERVIEW,2019-07-28 08:19:26.333843+0000,2019-07-28 12:15:49.903830+0000
1020,3104,40396,40396,690,TASK_INTERVIEW,2019-07-28 08:19:27.627689+0000,2019-07-28 12:16:22.658661+0000
1021,3107,40400,40400,694,TASK_INTERVIEW,2019-07-28 08:19:28.797212+0000,2019-07-28 12:16:28.046380+0000
1022,3110,40402,40402,696,TASK_INTERVIEW,2019-07-28 08:19:29.781215+0000,2019-07-28 12:17:20.058907+0000
1023,3113,40404,40404,698,TASK_INTERVIEW,2019-07-28 08:19:31.149174+0000,2019-07-28 12:17:39.683671+0000
1026,3125,40395,40395,689,TASK_INTERVIEW,2019-07-28 08:19:35.811406+0000,2019-07-28 12:15:50.452392+0000
1027,3131,40397,40397,691,TASK_INTERVIEW,2019-07-28 08:19:37.947304+0000,2019-07-28 12:16:23.520007+0000
1028,3137,40401,40401,695,TASK_INTERVIEW,2019-07-28 08:19:40.119349+0000,2019-07-28 12:16:28.462720+0000
1029,3143,40403,40403,697,TASK_INTERVIEW,2019-07-28 08:19:42.491807+0000,2019-07-28 12:17:20.587089+0000
1030,3149,41122,41122,766,TASK_INTERVIEW,2019-07-28 08:19:45.096228+0000,2019-07-28 12:17:40.132808+0000
1032,3170,40399,40399,693,TASK_INTERVIEW,2019-07-28 08:19:51.599471+0000,2019-07-28 12:16:06.068046+0000
1033,3183,40103,40103,414,TASK_INTERVIEW,2019-07-28 08:19:54.466491+0000,2019-07-29 08:24:46.817375+0000
1034,3187,40104,40104,415,TASK_INTERVIEW,2019-07-28 08:19:55.593707+0000,2019-07-29 08:24:47.160739+0000
1035,3191,40142,40142,453,TASK_INTERVIEW,2019-07-28 08:19:56.621281+0000,2019-07-28 12:14:32.782689+0000
1036,3195,40143,40143,454,TASK_INTERVIEW,2019-07-28 08:19:57.946910+0000,2019-07-28 12:14:33.165805+0000
1037,3199,40144,40144,455,TASK_INTERVIEW,2019-07-28 08:19:59.189798+0000,2019-07-28 12:16:24.004282+0000
1038,3203,40145,40145,456,TASK_INTERVIEW,2019-07-28 08:20:00.308475+0000,2019-07-28 12:16:24.462974+0000
1039,3207,40146,40146,457,TASK_INTERVIEW,2019-07-28 08:20:01.317601+0000,2019-07-28 12:17:24.099622+0000
1040,3211,40147,40147,458,TASK_INTERVIEW,2019-07-28 08:20:02.975953+0000,2019-07-28 12:17:24.503392+0000
1041,3231,40414,40414,706,TASK_INTERVIEW,2019-07-28 08:20:08.476755+0000,2019-07-28 12:14:20.125371+0000
1042,3235,40415,40415,707,TASK_INTERVIEW,2019-07-28 08:20:09.397368+0000,2019-07-28 12:15:45.728385+0000
1043,3239,40416,40416,708,TASK_INTERVIEW,2019-07-28 08:20:11.314858+0000,2019-07-28 12:15:46.347868+0000
1044,3247,62329,62329,8773,TASK_INTERVIEW,2019-07-28 08:20:13.953735+0000,2019-07-28 12:17:06.138416+0000
1045,3255,62650,62650,9336,TASK_INTERVIEW,2019-07-28 08:20:15.670407+0000,2019-07-28 12:14:34.676750+0000
1046,3259,40152,40152,462,TASK_INTERVIEW,2019-07-28 08:20:16.737227+0000,2019-07-28 12:16:57.792290+0000
1047,3262,40153,40153,463,TASK_INTERVIEW,2019-07-28 08:20:17.831366+0000,2019-07-28 12:16:58.124179+0000
1048,3279,40012,40012,336,TASK_INTERVIEW,2019-07-28 08:20:22.683829+0000,2019-07-28 12:14:37.689313+0000
1049,3283,40014,40014,338,TASK_INTERVIEW,2019-07-28 08:20:24.209113+0000,2019-07-28 12:16:14.139773+0000
1050,3309,40438,40438,729,TASK_INTERVIEW,2019-07-28 08:20:32.937585+0000,2019-07-28 12:24:52.826987+0000
1051,3311,40840,40840,760,TASK_INTERVIEW,2019-07-28 08:20:33.998216+0000,2019-07-28 12:11:11.650597+0000
1052,3433,100043,100043,786,TASK_INTERVIEW,2019-07-28 08:21:12.912800+0000,2019-07-28 12:15:35.886665+0000
1055,3437,40064,40064,387,TASK_INTERVIEW,2019-07-28 08:21:15.141698+0000,2019-07-28 12:15:56.443308+0000
1057,3439,40069,40069,391,TASK_INTERVIEW,2019-07-28 08:21:16.447936+0000,2019-07-28 12:16:01.160085+0000
1058,3440,40218,40218,525,TASK_INTERVIEW,2019-07-28 08:21:16.817132+0000,2019-07-28 12:17:06.630604+0000
1059,3441,40220,40220,527,TASK_INTERVIEW,2019-07-28 08:21:17.494470+0000,2019-07-28 12:16:58.486874+0000
1060,3442,40221,40221,528,TASK_INTERVIEW,2019-07-28 08:21:17.833194+0000,2019-07-28 08:21:17.833194+0000
1061,3443,40259,40259,566,TASK_INTERVIEW,2019-07-28 08:21:18.248043+0000,2019-07-28 12:15:55.738838+0000
1062,3444,40260,40260,567,TASK_INTERVIEW,2019-07-28 08:21:18.818429+0000,2019-07-28 12:15:56.143758+0000
1063,3446,61881,61881,8285,TASK_INTERVIEW,2019-07-28 08:21:19.664560+0000,2019-07-28 12:15:35.109487+0000
1064,3447,62268,62268,8710,TASK_INTERVIEW,2019-07-28 08:21:20.212084+0000,2019-07-28 12:15:56.935282+0000
1066,3450,40217,40217,524,TASK_INTERVIEW,2019-07-28 08:21:21.433746+0000,2019-07-28 08:21:21.433746+0000
1067,3451,40406,40406,699,TASK_INTERVIEW,2019-07-28 08:21:21.921629+0000,2019-07-28 08:21:21.921629+0000
1068,3462,40066,40066,389,TASK_INTERVIEW,2019-07-28 08:21:26.374962+0000,2019-07-28 08:21:26.374962+0000
1069,3466,41120,41120,764,TASK_INTERVIEW,2019-07-28 08:21:27.889600+0000,2019-07-28 08:21:27.889600+0000
1071,3473,40453,40453,744,TASK_INTERVIEW,2019-07-28 08:21:30.252641+0000,2019-07-28 12:24:52.420944+0000
1072,3476,40454,40454,745,TASK_INTERVIEW,2019-07-28 08:21:31.301292+0000,2019-07-28 12:18:17.376812+0000
1073,3479,40455,40455,746,TASK_INTERVIEW,2019-07-28 08:21:32.177605+0000,2019-07-28 12:18:17.748414+0000
1075,3483,40167,40167,477,TASK_INTERVIEW,2019-07-28 08:21:33.910670+0000,2019-07-28 12:14:29.792031+0000
1076,3484,40168,40168,478,TASK_INTERVIEW,2019-07-28 08:21:34.490694+0000,2019-07-28 12:18:05.040586+0000
1077,3485,40169,40169,479,TASK_INTERVIEW,2019-07-28 08:21:34.892604+0000,2019-07-28 12:15:38.764029+0000
1078,3486,40170,40170,480,TASK_INTERVIEW,2019-07-28 08:21:35.203900+0000,2019-07-28 12:19:56.266037+0000
1079,3487,40171,40171,481,TASK_INTERVIEW,2019-07-28 08:21:35.600767+0000,2019-07-28 12:16:10.217778+0000
1080,3488,40461,40461,751,TASK_INTERVIEW,2019-07-28 08:21:35.882663+0000,2019-07-28 12:17:33.697854+0000
1081,3489,40467,40467,755,TASK_INTERVIEW,2019-07-28 08:21:36.211789+0000,2019-07-28 12:15:45.416668+0000
1082,3490,40468,40468,756,TASK_INTERVIEW,2019-07-28 08:21:36.581826+0000,2019-07-28 12:18:11.439782+0000
1083,3491,40469,40469,757,TASK_INTERVIEW,2019-07-28 08:21:37.102874+0000,2019-07-28 12:18:11.755470+0000
1084,3492,62490,62490,9056,TASK_INTERVIEW,2019-07-28 08:21:37.445649+0000,2019-07-28 12:21:06.306123+0000
1085,3493,62493,62493,9065,TASK_INTERVIEW,2019-07-28 08:21:37.819513+0000,2019-07-28 12:21:05.919087+0000
1086,3494,82440,82440,777,TASK_INTERVIEW,2019-07-28 08:21:38.224263+0000,2019-07-28 12:15:45.068793+0000
1088,3512,60220,60220,5262,TASK_INTERVIEW,2019-07-28 08:21:43.932468+0000,2019-07-28 12:17:13.935288+0000
1089,3513,60221,60221,5264,TASK_INTERVIEW,2019-07-28 08:21:44.269248+0000,2019-07-28 12:17:14.334910+0000
1090,3514,40109,40109,420,TASK_INTERVIEW,2019-07-28 08:21:44.847467+0000,2019-07-28 12:16:36.481475+0000
1091,3520,40356,40356,650,TASK_INTERVIEW,2019-07-28 08:21:48.010133+0000,2019-07-28 12:15:58.806912+0000
1093,3542,40361,40361,655,TASK_INTERVIEW,2019-07-28 08:21:54.345428+0000,2019-07-28 08:21:54.345428+0000
1094,3543,40443,40443,734,TASK_INTERVIEW,2019-07-28 08:21:54.786265+0000,2019-07-28 12:17:07.445818+0000
1095,3544,40444,40444,735,TASK_INTERVIEW,2019-07-28 08:21:55.222086+0000,2019-07-28 12:17:07.809117+0000
1097,3546,100188,100188,791,TASK_INTERVIEW,2019-07-28 08:21:56.160408+0000,2019-07-28 12:16:51.950266+0000
1098,3547,2102383,2102383,802,TASK_INTERVIEW,2019-07-28 08:21:56.719245+0000,2019-07-28 12:15:38.377404+0000
1099,3548,40107,40107,418,TASK_INTERVIEW,2019-07-28 08:21:57.136833+0000,2019-07-28 12:16:51.635917+0000
1100,3549,40110,40110,421,TASK_INTERVIEW,2019-07-28 08:21:57.533837+0000,2019-07-28 08:21:57.533837+0000
1101,3550,40111,40111,422,TASK_INTERVIEW,2019-07-28 08:21:58.178324+0000,2019-07-28 08:21:58.178324+0000
1102,3551,40112,40112,423,TASK_INTERVIEW,2019-07-28 08:21:58.696083+0000,2019-07-28 08:21:58.696083+0000
1103,3552,40357,40357,651,TASK_INTERVIEW,2019-07-28 08:21:59.018174+0000,2019-07-28 12:15:38.048783+0000
1105,3557,40362,40362,656,TASK_INTERVIEW,2019-07-28 08:22:00.680064+0000,2019-07-28 12:17:30.388235+0000
1107,3721,43280,43280,769,TASK_INTERVIEW,2019-07-28 08:22:55.131206+0000,2019-07-28 12:16:53.112048+0000
1109,3754,40424,40424,716,TASK_INTERVIEW,2019-07-28 08:23:07.284542+0000,2019-07-28 12:17:41.042660+0000
1110,3757,40425,40425,717,TASK_INTERVIEW,2019-07-28 08:23:08.333558+0000,2019-07-28 12:16:24.770058+0000
1111,3760,40426,40426,718,TASK_INTERVIEW,2019-07-28 08:23:09.950254+0000,2019-07-28 12:16:25.337049+0000
1113,4090,40092,40092,404,TASK_INTERVIEW,2019-07-28 08:24:38.280523+0000,2019-07-28 12:16:19.452530+0000
1114,4093,40319,40319,617,TASK_INTERVIEW,2019-07-28 08:24:38.921126+0000,2019-07-28 12:16:19.220684+0000
1115,4102,46365,46365,1290,TASK_INTERVIEW,2019-07-28 08:24:40.738279+0000,2019-07-28 12:16:18.869854+0000
1116,4105,46375,46375,1300,TASK_INTERVIEW,2019-07-28 08:24:41.271464+0000,2019-07-28 12:16:19.061986+0000
1117,4108,61241,61241,7083,TASK_INTERVIEW,2019-07-28 08:24:41.631902+0000,2019-07-28 12:16:19.971481+0000
1118,4111,62289,62289,8733,TASK_INTERVIEW,2019-07-28 08:24:42.113338+0000,2019-07-28 12:16:19.696045+0000
1119,4132,40093,40093,405,TASK_INTERVIEW,2019-07-28 08:24:47.454982+0000,2019-07-28 12:16:59.603638+0000
1120,4135,40318,40318,616,TASK_INTERVIEW,2019-07-28 08:24:48.380384+0000,2019-07-28 12:16:16.614266+0000
1122,4240,60348,60348,5486,TASK_INTERVIEW,2019-07-28 08:25:19.552688+0000,2019-07-28 08:25:19.552688+0000
1123,4241,60349,60349,5489,TASK_INTERVIEW,2019-07-28 08:25:20.261112+0000,2019-07-28 08:25:20.261112+0000
1124,4242,60350,60350,5492,TASK_INTERVIEW,2019-07-28 08:25:20.852668+0000,2019-07-28 08:25:20.852668+0000
1125,4243,60351,60351,5495,TASK_INTERVIEW,2019-07-28 08:25:21.213506+0000,2019-07-28 08:25:21.213506+0000
1126,4257,61980,61980,8382,TASK_INTERVIEW,2019-07-28 08:25:26.138665+0000,2019-07-28 12:17:26.471985+0000
1127,4259,61981,61981,8385,TASK_INTERVIEW,2019-07-28 08:25:26.592193+0000,2019-07-28 12:15:34.391898+0000
1128,4262,62000,62000,8402,TASK_INTERVIEW,2019-07-28 08:25:27.156401+0000,2019-07-28 12:16:43.862283+0000
1129,4265,62001,62001,8405,TASK_INTERVIEW,2019-07-28 08:25:27.887308+0000,2019-07-28 12:18:23.830145+0000
1130,4267,62002,62002,8408,TASK_INTERVIEW,2019-07-28 08:25:28.337918+0000,2019-07-28 12:16:42.791816+0000
1131,4269,62020,62020,8422,TASK_INTERVIEW,2019-07-28 08:25:28.754240+0000,2019-07-28 12:14:47.663026+0000
1132,4271,62109,62109,8513,TASK_INTERVIEW,2019-07-28 08:25:29.246268+0000,2019-07-28 12:15:58.139834+0000
1133,4343,60476,60476,5828,TASK_INTERVIEW,2019-07-28 08:25:50.633623+0000,2019-07-28 12:25:03.427235+0000
1134,4345,60500,60500,5860,TASK_INTERVIEW,2019-07-28 08:25:51.418895+0000,2019-07-28 12:25:02.249839+0000
1135,4450,61940,61940,8342,TASK_INTERVIEW,2019-07-28 08:26:28.057628+0000,2019-07-28 12:17:18.087418+0000
1136,4453,61941,61941,8345,TASK_INTERVIEW,2019-07-28 08:26:28.470127+0000,2019-07-28 12:16:57.007653+0000
1137,4456,61960,61960,8362,TASK_INTERVIEW,2019-07-28 08:26:29.744294+0000,2019-07-28 12:16:54.583161+0000
1139,4799,62371,62371,9390,TASK_INTERVIEW,2019-07-28 08:28:10.453190+0000,2019-07-28 08:28:10.453190+0000
1140,4800,62372,62372,9391,TASK_INTERVIEW,2019-07-28 08:28:10.706903+0000,2019-07-28 08:28:10.706903+0000
1141,4801,62734,62734,9608,TASK_INTERVIEW,2019-07-28 08:28:10.866115+0000,2019-07-28 08:28:10.866115+0000
1172,1043,40001,40001,326,TASK_INTERVIEW,2019-07-28 14:05:26.435326+0000,2019-07-28 14:05:26.435326+0000
1173,1740,40310,40310,610,TASK_INTERVIEW,2019-07-28 14:05:29.400275+0000,2019-07-28 14:05:29.400275+0000
1174,2896,40173,40173,483,TASK_INTERVIEW,2019-07-28 14:05:31.100787+0000,2019-07-28 14:05:31.100787+0000
1175,900,40175,40175,485,TASK_INTERVIEW,2019-07-28 14:05:32.582546+0000,2019-07-28 14:05:32.582546+0000
1176,3098,40133,40133,444,TASK_INTERVIEW,2019-07-28 14:05:36.206590+0000,2019-07-28 14:05:36.206590+0000
1177,3119,40391,40391,685,TASK_INTERVIEW,2019-07-28 14:05:36.861078+0000,2019-07-28 14:05:36.861078+0000
1178,2166,40050,40050,373,TASK_INTERVIEW,2019-07-28 14:05:38.809210+0000,2019-07-28 14:05:38.809210+0000
1179,1034,40374,40374,668,TASK_INTERVIEW,2019-07-28 14:05:42.210232+0000,2019-07-28 14:05:42.210232+0000
1180,2134,40090,40090,402,TASK_INTERVIEW,2019-07-28 14:05:42.585288+0000,2019-07-28 14:05:42.585288+0000
1181,3482,40166,40166,476,TASK_INTERVIEW,2019-07-28 14:05:43.741437+0000,2019-07-28 14:05:43.741437+0000
1182,1493,40098,40098,410,TASK_INTERVIEW,2019-07-28 14:05:46.303318+0000,2019-07-28 14:05:46.303318+0000
1183,1499,40801,40801,759,TASK_INTERVIEW,2019-07-28 14:05:46.844038+0000,2019-07-28 14:05:46.844038+0000
1184,1007,46370,46370,1295,TASK_INTERVIEW,2019-07-28 14:05:50.808366+0000,2019-07-28 14:05:50.808366+0000
1185,1046,40011,40011,335,TASK_INTERVIEW,2019-07-28 14:05:53.162744+0000,2019-07-28 14:05:53.162744+0000
1186,1107,40039,40039,363,TASK_INTERVIEW,2019-07-28 14:05:53.801572+0000,2019-07-28 14:05:53.801572+0000
1187,1999,40053,40053,376,TASK_INTERVIEW,2019-07-28 14:05:59.502276+0000,2019-07-28 14:05:59.502276+0000
1188,647,40034,40034,358,TASK_INTERVIEW,2019-07-28 14:06:00.427773+0000,2019-07-28 14:06:00.427773+0000
1189,1490,40015,40015,339,TASK_INTERVIEW,2019-07-28 14:06:31.691028+0000,2019-07-28 14:06:31.691028+0000
1190,1491,40016,40016,340,TASK_INTERVIEW,2019-07-28 14:06:31.929480+0000,2019-07-28 14:06:31.929480+0000
1191,663,46357,46357,1254,TASK_INTERVIEW,2019-07-28 14:06:32.260446+0000,2019-07-28 14:06:32.260446+0000
1192,854,40018,40018,342,TASK_INTERVIEW,2019-07-28 14:06:32.715203+0000,2019-07-28 14:06:32.715203+0000
1193,649,40022,40022,346,TASK_INTERVIEW,2019-07-28 14:06:37.415190+0000,2019-07-28 14:06:37.415190+0000
1194,1963,40023,40023,347,TASK_INTERVIEW,2019-07-28 14:06:37.512192+0000,2019-07-28 14:06:37.512192+0000
1195,3434,40027,40027,351,TASK_INTERVIEW,2019-07-28 14:06:43.979999+0000,2019-07-28 14:06:43.979999+0000
1196,1639,40447,40447,738,TASK_INTERVIEW,2019-07-28 14:06:47.231608+0000,2019-07-28 14:06:47.231608+0000
1197,595,40033,40033,357,TASK_INTERVIEW,2019-07-28 14:06:50.163574+0000,2019-07-28 14:06:50.163574+0000
1198,1119,40117,40117,428,TASK_INTERVIEW,2019-07-28 14:06:50.510977+0000,2019-07-28 14:06:50.510977+0000
1199,1474,40161,40161,471,TASK_INTERVIEW,2019-07-28 14:06:56.217919+0000,2019-07-28 14:06:56.217919+0000
1200,2638,40256,40256,563,TASK_INTERVIEW,2019-07-28 14:06:57.571014+0000,2019-07-28 14:06:57.571014+0000
1201,3436,40063,40063,386,TASK_INTERVIEW,2019-07-28 14:06:59.315205+0000,2019-07-28 14:06:59.315205+0000
1202,2156,43281,43281,770,TASK_INTERVIEW,2019-07-28 14:07:04.928873+0000,2019-07-28 14:07:04.928873+0000
1203,3438,40068,40068,390,TASK_INTERVIEW,2019-07-28 14:07:05.542828+0000,2019-07-28 14:07:05.542828+0000
1204,3715,40350,40350,644,TASK_INTERVIEW,2019-07-28 14:07:07.071433+0000,2019-07-28 14:07:07.071433+0000
1205,662,46334,46334,1026,TASK_INTERVIEW,2019-07-28 14:07:09.491368+0000,2019-07-28 14:07:09.491368+0000
1206,1097,39785,39785,317,TASK_INTERVIEW,2019-07-28 14:07:09.780685+0000,2019-07-28 14:07:09.780685+0000
1207,660,46411,46411,1378,TASK_INTERVIEW,2019-07-28 14:07:10.409956+0000,2019-07-28 14:07:10.409956+0000
1208,866,40087,40087,399,TASK_INTERVIEW,2019-07-28 14:07:13.225882+0000,2019-07-28 14:07:13.225882+0000
1209,1876,46329,46329,1014,TASK_INTERVIEW,2019-07-28 14:07:14.112168+0000,2019-07-28 14:07:14.112168+0000
1210,1019,40020,40020,344,TASK_INTERVIEW,2019-07-28 14:07:17.355024+0000,2019-07-28 14:07:17.355024+0000
1211,2220,40094,40094,406,TASK_INTERVIEW,2019-07-28 14:07:19.601691+0000,2019-07-28 14:07:19.601691+0000
1212,1995,40095,40095,407,TASK_INTERVIEW,2019-07-28 14:07:20.075723+0000,2019-07-28 14:07:20.075723+0000
1213,617,40046,40046,370,TASK_INTERVIEW,2019-07-28 14:07:29.012430+0000,2019-07-28 14:07:29.012430+0000
1214,4087,39802,39802,325,TASK_INTERVIEW,2019-07-28 14:07:31.183588+0000,2019-07-28 14:07:31.183588+0000
1215,2150,40231,40231,538,TASK_INTERVIEW,2019-07-28 14:07:32.147528+0000,2019-07-28 14:07:32.147528+0000
1216,601,40216,40216,523,TASK_INTERVIEW,2019-07-28 14:07:33.697975+0000,2019-07-28 14:07:33.697975+0000
1217,2676,40106,40106,417,TASK_INTERVIEW,2019-07-28 14:07:35.076504+0000,2019-07-28 14:07:35.076504+0000
1218,1356,40007,40007,331,TASK_INTERVIEW,2019-07-28 14:07:38.402586+0000,2019-07-28 14:07:38.402586+0000
1219,1052,40017,40017,341,TASK_INTERVIEW,2019-07-28 14:07:38.789598+0000,2019-07-28 14:07:38.789598+0000
1220,3116,46420,46420,1405,TASK_INTERVIEW,2019-07-28 14:07:45.243338+0000,2019-07-28 14:07:45.243338+0000
1221,3164,40393,40393,687,TASK_INTERVIEW,2019-07-28 14:07:46.285658+0000,2019-07-28 14:07:46.285658+0000
1222,3074,40070,40070,392,TASK_INTERVIEW,2019-07-28 14:07:46.600590+0000,2019-07-28 14:07:46.600590+0000
1223,2662,40408,40408,701,TASK_INTERVIEW,2019-07-28 14:07:47.451683+0000,2019-07-28 14:07:47.451683+0000
1224,2538,40410,40410,703,TASK_INTERVIEW,2019-07-28 14:07:47.790913+0000,2019-07-28 14:07:47.790913+0000
1225,2788,40418,40418,710,TASK_INTERVIEW,2019-07-28 14:07:51.272481+0000,2019-07-28 14:07:51.272481+0000
1226,1142,40346,40346,640,TASK_INTERVIEW,2019-07-28 14:07:51.821842+0000,2019-07-28 14:07:51.821842+0000
1227,1113,40044,40044,368,TASK_INTERVIEW,2019-07-28 14:07:53.511524+0000,2019-07-28 14:07:53.511524+0000
1228,1031,40203,40203,510,TASK_INTERVIEW,2019-07-28 14:07:56.660540+0000,2019-07-28 14:07:56.660540+0000
1229,2792,40431,40431,722,TASK_INTERVIEW,2019-07-28 14:07:59.101877+0000,2019-07-28 14:07:59.101877+0000
1230,2309,2102680,2102680,804,TASK_INTERVIEW,2019-07-28 14:08:05.325235+0000,2019-07-28 14:08:05.325235+0000
1231,4211,46476,46476,1496,TASK_INTERVIEW,2019-07-28 14:08:07.132450+0000,2019-07-28 14:08:07.132450+0000
1232,1874,40435,40435,726,TASK_INTERVIEW,2019-07-28 14:08:09.431021+0000,2019-07-28 14:08:09.431021+0000
1233,1022,40037,40037,361,TASK_INTERVIEW,2019-07-28 14:08:10.056185+0000,2019-07-28 14:08:10.056185+0000
1234,2586,100067,100067,787,TASK_INTERVIEW,2019-07-28 14:08:13.013921+0000,2019-07-28 14:08:13.013921+0000
1235,2317,40441,40441,732,TASK_INTERVIEW,2019-07-28 14:08:19.853320+0000,2019-07-28 14:08:19.853320+0000
1236,654,40114,40114,425,TASK_INTERVIEW,2019-07-28 14:08:20.328405+0000,2019-07-28 14:08:20.328405+0000
1237,3545,100181,100181,790,TASK_INTERVIEW,2019-07-28 14:08:20.897212+0000,2019-07-28 14:08:20.897212+0000
1238,2106,40433,40433,724,TASK_INTERVIEW,2019-07-28 14:08:21.232850+0000,2019-07-28 14:08:21.232850+0000
1239,3556,40116,40116,427,TASK_INTERVIEW,2019-07-28 14:08:22.358309+0000,2019-07-28 14:08:22.358309+0000
1240,3541,40360,40360,654,TASK_INTERVIEW,2019-07-28 14:08:22.917739+0000,2019-07-28 14:08:22.917739+0000
1241,646,40010,40010,334,TASK_INTERVIEW,2019-07-28 14:08:24.447718+0000,2019-07-28 14:08:24.447718+0000
1242,3501,40465,40465,754,TASK_INTERVIEW,2019-07-28 14:08:25.699778+0000,2019-07-28 14:08:25.699778+0000
1243,1109,40041,40041,365,TASK_INTERVIEW,2019-07-28 14:08:27.487034+0000,2019-07-28 14:08:27.487034+0000
1244,3092,40269,40269,573,TASK_INTERVIEW,2019-07-28 14:08:28.728673+0000,2019-07-28 14:08:28.728673+0000
1245,1966,40148,40148,459,TASK_INTERVIEW,2019-07-28 14:08:29.448789+0000,2019-07-28 14:08:29.448789+0000
1246,3751,40423,40423,715,TASK_INTERVIEW,2019-07-28 14:08:31.074645+0000,2019-07-28 14:08:31.074645+0000
1247,2070,40419,40419,711,TASK_INTERVIEW,2019-07-28 14:08:53.090105+0000,2019-07-28 14:08:53.090105+0000
1248,1696,39796,39796,321,TASK_INTERVIEW,2019-07-28 14:08:54.865084+0000,2019-07-28 14:08:54.865084+0000
1249,1091,39774,39774,307,TASK_INTERVIEW,2019-07-28 14:08:55.317526+0000,2019-07-28 14:08:55.317526+0000
1250,1382,40008,40008,332,TASK_INTERVIEW,2019-07-28 14:09:00.173899+0000,2019-07-28 14:09:00.173899+0000
1251,653,39794,39794,320,TASK_INTERVIEW,2019-07-28 14:11:44.801746+0000,2019-07-28 14:11:44.801746+0000
1252,2013,40286,40286,587,TASK_INTERVIEW,2019-07-28 14:11:45.824754+0000,2019-07-28 14:11:45.824754+0000
1253,1780,39779,39779,311,TASK_INTERVIEW,2019-07-28 14:12:00.176923+0000,2019-07-28 14:12:00.176923+0000
1254,3449,40097,40097,409,TASK_INTERVIEW,2019-07-28 14:12:01.306281+0000,2019-07-28 14:12:01.306281+0000
1255,3470,40452,40452,743,TASK_INTERVIEW,2019-07-28 14:14:34.619488+0000,2019-07-28 14:14:34.619488+0000
1256,4798,62370,62370,9392,TASK_INTERVIEW,2019-07-28 14:14:45.716068+0000,2019-07-28 14:14:45.716068+0000
1257,2458,40331,40331,626,TASK_INTERVIEW,2019-07-28 14:17:15.516286+0000,2019-07-28 14:17:15.516286+0000
1258,2028,40296,40296,596,TASK_INTERVIEW,2019-07-28 14:17:17.624683+0000,2019-07-28 14:17:17.624683+0000
1259,1311,40262,40262,568,TASK_INTERVIEW,2019-07-28 14:17:39.799249+0000,2019-07-28 14:17:39.799249+0000
1260,1684,39780,39780,312,TASK_INTERVIEW,2019-07-28 14:17:49.254939+0000,2019-07-28 14:17:49.254939+0000
1261,1064,40159,40159,469,TASK_INTERVIEW,2019-07-28 14:18:01.371704+0000,2019-07-28 14:18:01.371704+0000
1262,2892,40160,40160,470,TASK_INTERVIEW,2019-07-28 14:18:02.104294+0000,2019-07-28 14:18:02.104294+0000
1263,4802,46423,46423,1415,TASK_INTERVIEW,2019-07-29 08:22:08.963167+0000,2019-07-29 08:22:08.963167+0000
